"product-img href","img-responsive src","stat-1","name","description","product-label 4","price-new","price-old","img-responsive src 2"
"https://www.vedantcomputers.com/intel-core-i3-processor-14100-bx8071514100?search=intel","https://www.vedantcomputers.com/image/cache/catalog/assets/product/intel/processor/bx8071514100/bx8071514100-1-350x350.JPG","BX8071514100","Intel Core i3 Processor - 14100 (12M Cache, up to 4.70 GHz)","Intel Core i3
processor 14100 (12M Cache, up to 4.70 GHz)BX8071514100 
Specification
Essential..","-18%","₹16,650.00","₹20,250.00",""
"https://www.vedantcomputers.com/intel-core-i5-processor-14400-bx8071514400?search=intel","https://www.vedantcomputers.com/image/cache/catalog/assets/product/intel/processor/bx8071514400/bx8071514400-1-350x350.JPG","BX8071514400","Intel Core i5 Processor - 14400 (20M Cache, up to 4.70 GHz)","Intel Core i5
processor 14400 (20M Cache, up to 4.70 GHz)BX8071514400 
Specification
Essential..","-22%","₹23,590.00","₹30,300.00",""
"https://www.vedantcomputers.com/intel-core-i5-processor-14400f-bx8071514400f?search=intel","https://www.vedantcomputers.com/image/cache/catalog/assets/product/intel/processor/bx8071514400f/bx8071514400f-1-350x350.JPG","BX8071514400F","Intel Core i5 Processor - 14400F (20M Cache, up to 4.70 GHz)","Intel Core i5
processor 14400F (20M Cache, up to 4.70 GHz)BX8071514400F 
Specification
Essenti..","-37%","₹16,890.00","₹26,900.00",""
"https://www.vedantcomputers.com/intel-core-i7-processor-14700-bx8071514700?search=intel","https://www.vedantcomputers.com/image/cache/catalog/assets/product/intel/processor/bx8071514700/bx8071514700-1-350x350.jpg","BX8071514700","Intel Core i7 Processor - 14700 (33M Cache, up to 5.40 GHz)","Intel Core i7
processor 14700 (33M Cache, up to 5.40 GHz)BX8071514700
Specification
Essentials
..","-14%","₹42,930.00","₹49,999.00",""
"https://www.vedantcomputers.com/intel-core-i7-processor-14700f-bx8071514700f?search=intel","https://www.vedantcomputers.com/image/cache/catalog/assets/product/intel/processor/bx8071514700f/bx8071514700f-1-350x350.JPG","BX8071514700F","Intel Core i7 Processor - 14700F (33M Cache, up to 5.40 GHz)","Intel Core i7
processor 14700F (33M Cache, up to 5.40 GHz)BX8071514700F
Specification
Essentials
..","-34%","₹34,490.00","₹51,900.00",""
"https://www.vedantcomputers.com/intel-core-i7-processor-14700k-bx8071514700k?search=intel","https://www.vedantcomputers.com/image/cache/catalog/assets/product/intel/processor/bx8071514700k/bx8071514700k-1-350x350.JPG","BX8071514700K","Intel Core i7 Processor - 14700K (33M Cache, up to 5.60 GHz)","Intel Core i7
processor 14700K (33M Cache, up to 5.60 GHz)BX8071514700K
Specification
Essentials
..","-40%","₹46,890.00","₹77,900.00",""
"https://www.vedantcomputers.com/intel-core-i9-processor-14900f-bx8071514900f?search=intel","https://www.vedantcomputers.com/image/cache/catalog/assets/product/intel/processor/bx8071514900f/bx8071514900f-1-350x350.jpg","BX8071514900F","Intel Core i9 Processor - 14900F (36M Cache, up to 5.80 GHz)","Intel Core i9
processor 14900F (36M Cache, up to 5.80 GHz)BX8071514900F 
Specification
Essenti..","-33%","₹46,700.00","₹69,470.00",""
"https://www.vedantcomputers.com/intel-core-i9-processor-14900k-bx8071514900k?search=intel","https://www.vedantcomputers.com/image/cache/catalog/assets/product/intel/processor/bx8071514900k/bx8071514900k-1-350x350.JPG","BX8071514900K","Intel Core i9 Processor - 14900K (36M Cache, up to 6.00 GHz)","Intel Core i9
processor 14900K (36M Cache, up to 6.00 GHz)BX8071514900K
Specification
Essentials
..","-43%","₹48,990.00","₹85,200.00",""
"https://www.vedantcomputers.com/intel-core-i9-processor-14900ks-bx8071514900ks?search=intel","https://www.vedantcomputers.com/image/cache/catalog/assets/product/intel/processor/bx8071514900ks/bx8071514900ks-1-350x350.jpg","BX8071514900KS","Intel Core i9 Processor - 14900KS (36M Cache, up to 6.20 GHz)","Intel Core i9 processor 14900KS (36M Cache, up to 6.20 GHz)BX8071514900KS 
Specification
Essent..","-32%","₹61,490.00","₹90,200.00",""
"https://www.vedantcomputers.com/intel-core-ultra-5-225-bx80768225?search=intel","https://www.vedantcomputers.com/image/cache/catalog/assets/product/intel/processor/bx80768225/bx80768225-1-350x350.jpg","BX80768225","Intel Core Ultra 5 Processor 225 (20M Cache, up to 4.90 GHz)","Intel Core Ultra 5 Processor 22520M Cache, up to 4.90 GHz 
Specification
Essentials
..","-39%","₹18,540.00","₹30,200.00",""
"https://www.vedantcomputers.com/intel-core-ultra-5-225f-bx80768225f?search=intel","https://www.vedantcomputers.com/image/cache/catalog/assets/product/intel/processor/bx80768225f/bx80768225f-1-350x350.jpg","BX80768225F","Intel Core Ultra 5 Processor 225F (20M Cache, up to 4.90 GHz)","Intel Core Ultra 5 Processor 225F20M Cache, up to 4.90 GHz 
Specification
Essentials
..","-50%","₹13,990.00","₹28,200.00",""
"https://www.vedantcomputers.com/intel-core-ultra-5-245k-bx80768245k?search=intel","https://www.vedantcomputers.com/image/cache/catalog/assets/product/intel/processor/bx80768245k/bx80768245k-1-350x350.JPG","BX80768245K","Intel Core Ultra 5 Processor 245K (24M Cache, up to 5.20 GHz)","Intel Core Ultra 5 Processor 245K24M Cache, up to 5.20 GHz 
Specification
Essentials
..","-45%","₹22,240.00","₹40,200.00",""
"https://www.vedantcomputers.com/intel-core-ultra-5-250k-plus-bx80768250k?search=intel&page=2","https://www.vedantcomputers.com/image/cache/catalog/assets/product/intel/processor/bx80768250k/bx80768250k-1-350x350.jpg","BX80768250K","Intel Core Ultra 5 Processor 250K Plus (30M Cache, up to 5.30 GHz)","Intel Core Ultra 5 processor 250K PlusBX80768250K30M Cache, up to 5.30 GHz
Specification
Essentials
..","-19%","₹28,390.00","₹34,999.00",""
"https://www.vedantcomputers.com/intel-core-ultra-7-265k-bx80768265k?search=intel&page=2","https://www.vedantcomputers.com/image/cache/catalog/assets/product/intel/processor/bx80768265k/bx80768265k-1-350x350.jpg","BX80768265K","Intel Core Ultra 7 Processor 265K (30M Cache, up to 5.50 GHz)","Intel Core Ultra 7 Processor 265K30M Cache, up to 5.50 GHz 
Specification
Essentials
..","-53%","₹32,590.00","₹69,000.00",""
"https://www.vedantcomputers.com/intel-core-ultra-7-270k-plus-bx80768270k?search=intel&page=2","https://www.vedantcomputers.com/image/cache/catalog/assets/product/intel/processor/bx80768270k/bx80768270k-1-350x350.jpg","BX80768270K","Intel Core Ultra 7 Processor 270K Plus (40M Cache, up to 5.50 GHz)","Intel Core Ultra 7 processor 270K PlusBX80768270K36M Cache, up to 5.50 GHz
Specification
Essentials
..","-24%","₹38,189.00","₹49,999.00",""
"https://www.vedantcomputers.com/intel-core-ultra-9-285k-bx80768285k?search=intel&page=2","https://www.vedantcomputers.com/image/cache/catalog/assets/product/intel/processor/bx80768285k/bx80768285k-1-350x350.jpg","BX80768285K","Intel Core Ultra 9 Processor 285K (36M Cache, up to 5.70 GHz)","Intel Core Ultra 9 Processor 285K36M Cache, up to 5.70 GHz 
Specification
Essentials
..","-26%","₹61,490.00","₹82,650.00",""
"https://www.vedantcomputers.com/intel-core-i5-10400-10th-generation-processor-bx8070110400?search=intel&page=2","https://www.vedantcomputers.com/image/cache/catalog/assets/product/intel/processor/i5-10400/i5-10400-1-350x350.jpg","BX8070110400","Intel Core i5-10400 Processor (12M Cache, up to 4.30 GHz)","Intel Core i5-10400 Processor BX8070110400
Specification
Memory Specifications
Max Memory Size (depen..","-25%","₹14,690.00","₹19,500.00","https://www.vedantcomputers.com/image/cache/catalog/assets/product/intel/processor/i5-10400/i5-10400-2-350x350.jpg"
"https://www.vedantcomputers.com/intel-core-i5-12400-processor-bx8071512400?search=intel&page=2","https://www.vedantcomputers.com/image/cache/catalog/assets/product/intel/processor/i3-12400/i5-12400-1-350x350.jpg","BX8071512400","Intel Core i5-12400 Processor (18M Cache, up to 4.40 GHz)","Intel Core i5-12400 Processor (18M Cache, up to 4.40 GHz)BX8071512400
Specification
Essentials
..","-25%","₹21,500.00","₹28,509.00","https://www.vedantcomputers.com/image/cache/catalog/assets/product/intel/processor/i3-12400/i5-12400-2-350x350.jpg"
"https://www.vedantcomputers.com/intel-core-i5-12400f-processor?search=intel&page=2","https://www.vedantcomputers.com/image/cache/catalog/assets/product/intel/processor/i5-12400f/i5-12400f-1-350x350.jpg","BX8071512400F","Intel Core i5-12400F Processor (18M Cache, up to 4.40 GHz)","Intel Core i5-12400F Processor (18M Cache, up to 4.40 GHz)BX8071512400F
Specification
Essentials
..","-40%","₹15,590.00","₹26,160.00","https://www.vedantcomputers.com/image/cache/catalog/assets/product/intel/processor/i5-12400f/i5-12400f-2-350x350.jpg"
"https://www.vedantcomputers.com/intel-core-i7-12700-processor-bx8071512700?search=intel&page=2","https://www.vedantcomputers.com/image/cache/catalog/assets/product/intel/processor/i7-12700/i7-12700-1-350x350.jpg","BX8071512700","Intel Core i7-12700 Processor (25M Cache, up to 4.90 GHz)","Intel Core i7-12700 Processor (25M Cache, up to 4.90 GHz)BX8071512700
Specification
Essentials
..","-18%","₹33,900.00","₹41,200.00","https://www.vedantcomputers.com/image/cache/catalog/assets/product/intel/processor/i7-12700/i7-12700-2-350x350.jpg"
"https://www.vedantcomputers.com/intel-core-i7-12700f-processor-bx8071512700f?search=intel&page=2","https://www.vedantcomputers.com/image/cache/catalog/assets/product/intel/processor/i7-12700f/i7-12700f-1-350x350.jpg","BX8071512700F","Intel Core i7-12700F Processor (25M Cache, up to 4.90 GHz)","Intel Core i7-12700F Processor25M Cache, up to 4.90 GHz 
Specification
Essentials
Pr..","-34%","₹31,890.00","₹48,000.00","https://www.vedantcomputers.com/image/cache/catalog/assets/product/intel/processor/i7-12700f/i7-12700f-2-350x350.jpg"
"https://www.vedantcomputers.com/msi-b860-gaming-plus-wifi?search=intel&page=2","https://www.vedantcomputers.com/image/cache/catalog/assets/product/msi/motherboard/b860-gaming-plus-wifi/b860-gaming-plus-wifi-1-350x350.jpg","B860 GAMING PLUS WIFI","MSI B860 Gaming Plus Wifi Motherboard","B860 GAMING PLUS WIFISupport Intel® Core™ Ultra Processors (Series 2) for LGA
1851 socketSupports DDR5 Memory, Dual Channel DDR5 8600+ MT/s (..","-43%","₹20,450.00","₹35,999.00","https://www.vedantcomputers.com/image/cache/catalog/assets/product/msi/motherboard/b860-gaming-plus-wifi/b860-gaming-plus-wifi-2-350x350.jpg"
"https://www.vedantcomputers.com/msi-mag-z890-tomahawk-wifi?search=intel&page=2","https://www.vedantcomputers.com/image/cache/catalog/assets/product/msi/motherboard/mag-z890-tomahawk-wifi/mag-z890-tomahawk-wifi-1-350x350.JPG","MAG Z890 TOMAHAWK WIFI","MSI MAG Z890 Tomahawk Wifi Motherboard","MAG Z890 TOMAHAWK WIFISupport Intel® Core™ Ultra Processors (Series 2) for LGA
1851 socketSupports DDR5 Memory, Dual Channel DDR5 9200+ MT/s ..","-49%","₹31,190.00","₹60,999.00","https://www.vedantcomputers.com/image/cache/catalog/assets/product/msi/motherboard/mag-z890-tomahawk-wifi/mag-z890-tomahawk-wifi-2-350x350.JPG"