"product-img href","img-responsive src","img-responsive src 2","stat-1","name","description","product-label 5","price-new","price-old"
"https://www.vedantcomputers.com/amd-ryzen-5-7600x-processor?search=ryzen","https://www.vedantcomputers.com/image/cache/catalog/assets/product/amd/cpu/100-100000593wof/100-100000593wof_1-350x350.jpg","https://www.vedantcomputers.com/image/cache/catalog/assets/product/amd/cpu/100-100000593wof/100-100000593wof_2-350x350.jpg","100-100000593WOF","AMD Ryzen 5 7600X Processor with Radeon Graphics (6 Cores, 12 Threads, Max. Boost Clock Up To 5.3GHz, AM5 Socket and 38MB Cache)","100-100000593WOF
Specification
General Specifications
Platform: Desktop
Market Segment: En..","-63%","₹18,090.00","₹48,500.00"
"https://www.vedantcomputers.com/amd-ryzen-5-9600x-100-100001405wof?search=ryzen","https://www.vedantcomputers.com/image/cache/catalog/assets/product/amd/cpu/100-100001405wof/100-100001405wof_1-350x350.jpg","https://www.vedantcomputers.com/image/cache/catalog/assets/product/amd/cpu/100-100001405wof/100-100001405wof_2-350x350.jpg","100-100001405WOF","AMD Ryzen 5 9600X Processor with Radeon Graphics (6 Cores, 12 Threads, Max. Boost Clock Up To 5.4GHz, AM5 Socket and 38MB Cache)","AMD Ryzen 5 9600X100-100001405WOFPure Gaming
Performance 
Specification
General Specificat..","-54%","₹21,640.00","₹47,000.00"
"https://www.vedantcomputers.com/amd-ryzen-7-5800x3d-processor?search=ryzen","https://www.vedantcomputers.com/image/cache/catalog/assets/product/amd/cpu/100-100000651pof/100-100000651pof-1-350x350.jpg","https://www.vedantcomputers.com/image/cache/catalog/assets/product/amd/cpu/100-100000651pof/100-100000651pof-3-350x350.jpg","100-100000651POF","AMD Ryzen 7 5800X3D 10th Anniversary Edition Gaming Processor","100-100000651POFThe AMD Ryzen 7 5800X3D is the ultimate gaming processor on any DDR4 platform.1,2 Every 10th Anniversary Edition AMD Ryzen 7 5800X3D P..","-44%","₹36,900.00","₹66,000.00"
"https://www.vedantcomputers.com/amd-ryzen-7-7700x-oem-100-100000591?search=ryzen","https://www.vedantcomputers.com/image/cache/catalog/assets/product/amd/cpu/100-100000591/100-100000591-1-350x350.jpg","","100-100000591","AMD Ryzen 7 7700X OEM Processor with Radeon Graphics (8 Cores, 16 Threads, Max. Boost Clock Up To 5.4GHz, AM5 Socket and 40MB Cache)","100-100000591 
Specification
General
Specifications
Name: AMD
Ryzen 7 7700X
Fam..","-57%","₹24,350.00","₹56,000.00"
"https://www.vedantcomputers.com/amd-ryzen-7-7700x-processor?search=ryzen","https://www.vedantcomputers.com/image/cache/catalog/assets/product/amd/cpu/100-100000591wof/100-100000591wof_1-350x350.jpg","https://www.vedantcomputers.com/image/cache/catalog/assets/product/amd/cpu/100-100000591wof/100-100000591wof_2-350x350.jpg","100-100000591WOF","AMD Ryzen 7 7700X Processor with Radeon Graphics (8 Cores, 16 Threads, Max. Boost Clock Up To 5.4GHz, AM5 Socket and 40MB Cache)","100-100000591WOF 
Specification
General
Specifications
Name: AMD
Ryzen 7 7700X
..","-54%","₹26,590.00","₹58,000.00"
"https://www.vedantcomputers.com/amd-ryzen-7-7700x3d-100-100002235wof?search=ryzen","https://www.vedantcomputers.com/image/cache/catalog/assets/product/amd/cpu/100-100002235wof/100-100002235wof_1-350x350.jpg","https://www.vedantcomputers.com/image/cache/catalog/assets/product/amd/cpu/100-100002235wof/100-100002235wof_2-350x350.jpg","100-100002235WOF","AMD Ryzen 7 7700X3D Processor with Radeon Graphics (8 Cores, 16 Threads, Max. Boost Clock Up To 4.5 GHz, AM5 Socket and 104MB Cache)","100-100002235WOF 
Specification
General
Specifications
Name: AMD
Ryzen 7 7700X3D
..","-67%","₹36,790.00","₹110,000.00"
"https://www.vedantcomputers.com/amd-ryzen-7-7800x3d-processor?search=ryzen","https://www.vedantcomputers.com/image/cache/catalog/assets/product/amd/cpu/100-100000910wof/100-100000910wof_1-350x350.jpg","https://www.vedantcomputers.com/image/cache/catalog/assets/product/amd/cpu/100-100000910wof/100-100000910wof_2-350x350.jpg","100-100000910WOF","AMD Ryzen 7 7800X3D Processor with Radeon Graphics (8 Cores, 16 Threads, Max. Boost Clock Up To 5.0GHz, AM5 Socket and 104MB Cache)","100-100000910WOF 
Specification
General
Specifications
Platform: Desktop
Market Se..","-20%","₹40,100.00","₹50,000.00"
"https://www.vedantcomputers.com/amd-ryzen-7-9700x-100-100001404wof?search=ryzen","https://www.vedantcomputers.com/image/cache/catalog/assets/product/amd/cpu/100-100001404wof/100-100001404wof_1-350x350.jpg","https://www.vedantcomputers.com/image/cache/catalog/assets/product/amd/cpu/100-100001404wof/100-100001404wof_2-350x350.jpg","100-100001404WOF","AMD Ryzen 7 9700X Processor with Radeon Graphics (8 Cores, 16 Threads, Max. Boost Clock Up To 5.5GHz, AM5 Socket and 40MB Cache)","AMD Ryzen 7 9700X100-100001404WOFThe New Standard
for a Gaming Processor 
Specification
Ge..","-51%","₹29,390.00","₹60,000.00"
"https://www.vedantcomputers.com/amd-ryzen-7-9800x3d-100-100001084wof?search=ryzen","https://www.vedantcomputers.com/image/cache/catalog/assets/product/amd/cpu/100-100001084wof/100-100001084wof_1-350x350.jpg","https://www.vedantcomputers.com/image/cache/catalog/assets/product/amd/cpu/100-100001084wof/100-100001084wof_2-350x350.jpg","100-100001084WOF","AMD Ryzen 7 9800X3D Processor with Radeon Graphics (8 Cores, 16 Threads, Max. Boost Clock Up To 5.2GHz, AM5 Socket and 104MB Cache)","AMD Ryzen 7 9800X3D Desktop Processor100-100001084WOFHarness the ultimate gaming edge with AMD Ryzen™ 7 9800X3D
Processor. Enjoy faster gamin..","-34%","₹47,469.00","₹72,000.00"
"https://www.vedantcomputers.com/amd-ryzen-7-9850x3d-100-100001973wof?search=ryzen","https://www.vedantcomputers.com/image/cache/catalog/assets/product/amd/cpu/100-100001973wof/100-100001973wof-1-350x350.JPG","https://www.vedantcomputers.com/image/cache/catalog/assets/product/amd/cpu/100-100001973wof/100-100001973wof-2-350x350.JPG","100-100001973WOF","AMD Ryzen 7 9850X3D Processor with Radeon Graphics (8 Cores, 16 Threads, Max. Boost Clock Up To 5.6GHz, AM5 Socket and 104MB Cache)","AMD Ryzen 7 9850X3D Desktop Processor100-100001973WOF 
Specification
General
Specifications
..","-41%","₹52,990.00","₹90,000.00"
"https://www.vedantcomputers.com/amd-ryzen-9-7900x-processor?search=ryzen","https://www.vedantcomputers.com/image/cache/catalog/assets/product/amd/cpu/100-100000589wof/100-100000589wof_1-350x350.jpg","https://www.vedantcomputers.com/image/cache/catalog/assets/product/amd/cpu/100-100000589wof/100-100000589wof_2-350x350.jpg","100-100000589WOF","AMD Ryzen 9 7900X Processor with Radeon Graphics (12 Cores, 24 Threads, Max. Boost Clock Up To 5.6GHz, AM5 Socket and 76MB Cache)","100-100000589WOF
Specification
General Specifications
Platform: Desktop
Market Segment: En..","-55%","₹34,390.00","₹76,500.00"
"https://www.vedantcomputers.com/amd-ryzen-9-9900x-100-100000662wof?search=ryzen","https://www.vedantcomputers.com/image/cache/catalog/assets/product/amd/cpu/100-100000662wof/100-100000662wof_1-350x350.jpg","https://www.vedantcomputers.com/image/cache/catalog/assets/product/amd/cpu/100-100000662wof/100-100000662wof_2-350x350.jpg","100-100000662WOF","AMD Ryzen 9 9900X Processor with Radeon Graphics (12 Cores, 24 Threads, Max. Boost Clock Up To 5.6GHz, AM5 Socket and 76MB Cache)","AMD Ryzen 9 9900X100-100000662WOFThe Incredibly
Powerful Processor for Gaming and Streaming 
Specification
..","-44%","₹41,790.00","₹75,000.00"
"https://www.vedantcomputers.com/amd-ryzen-9-9900x3d-100-100001368wof?search=ryzen&page=2","https://www.vedantcomputers.com/image/cache/catalog/assets/product/amd/cpu/100-100001368wof/100-100001368wof_1-350x350.JPG","https://www.vedantcomputers.com/image/cache/catalog/assets/product/amd/cpu/100-100001368wof/100-100001368wof_2-350x350.JPG","100-100001368WOF","AMD Ryzen 9 9900X3D Processor with Radeon Graphics (12 Cores, 24 Threads, Max. Boost Clock Up To 5.5GHz, AM5 Socket and 140MB Cache)","AMD Ryzen 9 9900X3D Gaming and Content Creation Processor100-100001368WOFA powerful desktop CPU, with 2nd gen AMD 3D V-Cache™
Technology for ..","-43%","₹57,910.00","₹102,000.00"
"https://www.vedantcomputers.com/amd-ryzen-9-9950x-tray-100-000001277?search=ryzen&page=2","https://www.vedantcomputers.com/image/cache/catalog/assets/product/amd/cpu/100-000001277/100-000001277-1-350x350.jpg","","100-000001277","AMD Ryzen 9 9950X (Tray) Processor with Radeon Graphics (16 Cores, 32 Threads, Max. Boost Clock Up To 5.7GHz, AM5 Socket and 80MB Cache)","AMD Ryzen 9 9950X TRAY100-000001277 
Specification
General
Specifications
Name:
..","-53%","₹47,500.00","₹100,600.00"
"https://www.vedantcomputers.com/amd-ryzen-9-9950x3d-100-100000719wof?search=ryzen&page=2","https://www.vedantcomputers.com/image/cache/catalog/assets/product/amd/cpu/100-100000719wof/100-100000719wof_1-350x350.JPG","https://www.vedantcomputers.com/image/cache/catalog/assets/product/amd/cpu/100-100000719wof/100-100000719wof_2-350x350.JPG","100-100000719WOF","AMD Ryzen 9 9950X3D Processor with Radeon Graphics (16 Cores, 32 Threads, Max. Boost Clock Up To 5.7GHz, AM5 Socket and 144MB Cache)","AMD Ryzen 9 9950X3D Gaming and Content Creation Processor100-100000719WOFThe ultimate 16-core desktop CPU with 2nd gen AMD 3D
V-Cache™ Techno..","-29%","₹71,790.00","₹100,600.00"
"https://www.vedantcomputers.com/amd-ryzen-9-9950x3d2-100-100001978wof?search=ryzen&page=2","https://www.vedantcomputers.com/image/cache/catalog/assets/product/amd/cpu/100-100001978wof/100-100001978wof-1-350x350.jpg","https://www.vedantcomputers.com/image/cache/catalog/assets/product/amd/cpu/100-100001978wof/100-100001978wof-2-350x350.jpg","100-100001978WOF","AMD Ryzen 9 9950X3D2 Dual Edition Desktop Processor with Radeon Graphics (16 Cores, 32 Threads, Max. Boost Clock Up To 5.6GHz, AM5 Socket and 208MB Cache)","AMD Ryzen 9 9950X3D2 Dual Edition Desktop Processor100-100001978WOFThe World’s First Dual AMD 3D V-Cache™ Technology-Based
Processor to Unloc..","-59%","₹96,490.00","₹235,488.00"
"https://www.vedantcomputers.com/amd-ryzen-3-3200g-processor-yd3200c5fhbox?search=ryzen&page=2","https://www.vedantcomputers.com/image/cache/catalog/assets/product/amd/cpu/yd3200c5fhbox/ryzen-3-3200g-1-350x350.jpg","https://www.vedantcomputers.com/image/cache/catalog/assets/product/amd/cpu/yd3200c5fhbox/ryzen-3-3200g-2-350x350.jpg","YD3200C5FHBOX","AMD Ryzen 3 3200G Processor with Radeon Vega 8 Graphics (4 Cores, 4 Threads, Max. Boost Clock Up To 4.0GHz, AM4 Socket and 6MB Cache)","YD3200C5FHBOX
Specification
General Specifications
Platform: Boxed Processor
Product Family: A..","-51%","₹6,550.00","₹13,500.00"
"https://www.vedantcomputers.com/amd-ryzen-5-3400g-open-box-oem-processor-with-radeon-vega-11-graphics?search=ryzen&page=2","https://www.vedantcomputers.com/image/cache/catalog/assets/product/amd/cpu/ryzen-5-3400g-oem/ryzen-5-3400g-1-350x350.jpg","https://www.vedantcomputers.com/image/cache/catalog/assets/product/amd/cpu/ryzen-5-3400g-oem/ryzen-5-3400g-2-350x350.jpg","YD3400C5M4MFH","AMD Ryzen 5 3400G OEM Processor With Radeon Vega 11 Graphics (Upto 4.2GHz 6MB Cache)","AMD Ryzen 5 3400G with Radeon RX Vega 11 GraphicsYD3400C5M4MFH
Specification
General Specifications
..","-64%","₹7,700.00","₹21,490.00"
"https://www.vedantcomputers.com/amd-ryzen-5-3400g-yd3400c5fhbox?search=ryzen&page=2","https://www.vedantcomputers.com/image/cache/catalog/assets/product/amd/cpu/yd3400c5fhbox/yd3400c5fhbox-1-350x350.jpg","https://www.vedantcomputers.com/image/cache/catalog/assets/product/amd/cpu/yd3400c5fhbox/yd3400c5fhbox-2-350x350.jpg","YD3400C5FHBOX","AMD Ryzen 5 3400G Processor With Radeon Vega 11 Graphics (Upto 4.2GHz 6MB Cache)","AMD Ryzen 5 3400G
with Radeon RX Vega 11 GraphicsYD3400C5FHBOX 
Specification
General Specific..","-58%","₹8,340.00","₹20,000.00"
"https://www.vedantcomputers.com/amd-ryzen-5-5500-processor-100-100000457box?search=ryzen&page=2","https://www.vedantcomputers.com/image/cache/catalog/assets/product/amd/cpu/100-100000457box/100-100000457box_1-350x350.jpg","https://www.vedantcomputers.com/image/cache/catalog/assets/product/amd/cpu/100-100000457box/100-100000457box_2-350x350.jpg","100-100000457BOX","AMD Ryzen 5 5500 Processor (6 Cores, 12 Threads, Max. Boost Clock Up To 4.2GHz, AM4 Socket and 19MB Cache)","100-100000457BOX
Specification
General Specifications
Platform = Desktop
Product Family = AMD Ryze..","-36%","₹8,750.00","₹13,589.00"
"https://www.vedantcomputers.com/amd-ryzen-5-5500gt-processor-100-100001489box?search=ryzen&page=2","https://www.vedantcomputers.com/image/cache/catalog/assets/product/amd/cpu/100-100001489box/100-100001489box-1-350x350.JPG","https://www.vedantcomputers.com/image/cache/catalog/assets/product/amd/cpu/100-100001489box/100-100001489box-2-350x350.JPG","100-100001489BOX","AMD Ryzen 5 5500GT Processor with Radeon Graphics (6 Cores, 12 Threads, Max. Boost Clock Up To 4.4GHz, AM4 Socket and 19MB Cache)","100-100001489BOX 
Specification
General Specifications
Platform: Boxed Processor
Prod..","-23%","₹13,850.00","₹18,000.00"
"https://www.vedantcomputers.com/amd-ryzen-5-5600gt-processor-100-100001488box?search=ryzen&page=2","https://www.vedantcomputers.com/image/cache/catalog/assets/product/amd/cpu/100-100001488box/100-100001488box-1-350x350.JPG","https://www.vedantcomputers.com/image/cache/catalog/assets/product/amd/cpu/100-100001488box/100-100001488box-2-350x350.JPG","100-100001488BOX","AMD Ryzen 5 5600GT Processor with Radeon Graphics (6 Cores, 12 Threads, Max. Boost Clock Up To 4.6GHz, AM4 Socket and 19MB Cache)","100-100001488BOX 
Specification
General Specifications
Platform: Boxed Processor
Prod..","-26%","₹16,200.00","₹22,000.00"
"https://www.vedantcomputers.com/amd-ryzen-5-5600x-processor-100-100000065box?search=ryzen&page=2","https://www.vedantcomputers.com/image/cache/catalog/assets/product/amd/cpu/amd-ryzen-5-5600x/amd-ryzen-5-5600x_1-350x350.jpg","https://www.vedantcomputers.com/image/cache/catalog/assets/product/amd/cpu/100-100000065box/100-100000065box_1-350x350.jpg","100-100000065BOX","AMD Ryzen 5 5600X Processor (6 Cores, 12 Threads, Max. Boost Clock Up To 4.6GHz, AM4 Socket and 35MB Cache)","100-100000065BOX
Specification
General Specifications
Platform: Boxed Processor
Product Family..","-65%","₹14,750.00","₹42,000.00"
"https://www.vedantcomputers.com/amd-ryzen-5-7500f-100-000000597box?search=ryzen&page=2","https://www.vedantcomputers.com/image/cache/catalog/assets/product/amd/cpu/100-000000597box/100-000000597box_1-350x350.jpg","https://www.vedantcomputers.com/image/cache/catalog/assets/product/amd/cpu/100-000000597box/100-000000597box_2-350x350.jpg","100-000000597BOX","AMD Ryzen 5 7500F Processor (6 Cores, 12 Threads, Max. Boost Clock Up To 5GHz, AM5 Socket and 38MB Cache)","AMD Ryzen 5 7500F Processor (6 Cores, 12 Threads, Max. Boost Clock Up To 5GHz, AM5 Socket and 38MB Cache)
100-000000597BOX
Spec..","-57%","₹15,050.00","₹35,000.00"
"https://www.vedantcomputers.com/amd-ryzen-5-7500x3d-100-000001904?search=ryzen&page=3","https://www.vedantcomputers.com/image/cache/catalog/assets/product/amd/cpu/100-000001904/100-000001904-1-350x350.jpg","","100-000001904","AMD Ryzen 5 7500X3D (Tray) Processor (6 Cores, 12 Threads, Max. Boost Clock Up To 4.5GHz, AM5 Socket and 96MB Cache)","AMD Ryzen 5 7500X3D Desktop Processor100-000001904
Specification
General
Specifications
..","-43%","₹24,500.00","₹43,000.00"
"https://www.vedantcomputers.com/amd-ryzen-5-8500g-processor-100-100000931box?search=ryzen&page=3","https://www.vedantcomputers.com/image/cache/catalog/assets/product/amd/cpu/100-100000931box/100-100000931box-1-350x350.JPG","https://www.vedantcomputers.com/image/cache/catalog/assets/product/amd/cpu/100-100000931box/100-100000931box-2-350x350.JPG","100-100000931BOX","AMD Ryzen 5 8500G Processor with Radeon 740M Graphics (6 Cores, 12 Threads, Max. Boost Clock Up To 5.0GHz, AM5 Socket and 22MB Cache)","100-100000931BOX 
Specification
General Specifications
Regional Availability: Global
..","-50%","₹15,090.00","₹29,999.00"
"https://www.vedantcomputers.com/amd-ryzen-5-8600g-processor-100-100001237box?search=ryzen&page=3","https://www.vedantcomputers.com/image/cache/catalog/assets/product/amd/cpu/100-100001237box/100-100001237box_1-350x350.jpg","https://www.vedantcomputers.com/image/cache/catalog/assets/product/amd/cpu/100-100001237box/100-100001237box_2-350x350.jpg","100-100001237BOX","AMD Ryzen 5 8600G Processor with Radeon 760M Graphics (6 Cores, 12 Threads, Max. Boost Clock Up To 5.0GHz, AM5 Socket and 22MB Cache)","100-100001237BOX 
Specification
General Specifications
Regional Availability: Global
..","-50%","₹19,500.00","₹38,999.00"
"https://www.vedantcomputers.com/amd-ryzen-7-5700g-processor-with-radeon-vega-8-graphics-100-100000263box?search=ryzen&page=3","https://www.vedantcomputers.com/image/cache/catalog/assets/product/amd/cpu/100-100000263box/100-100000263box-1-350x350.jpg","","100-100000263BOX","AMD Ryzen 7 5700G Processor with Radeon Graphics (8 Cores, 16 Threads, Max. Boost Clock Up To 4.6GHz, AM4 Socket and 20MB Cache)","100-100000263BOX
Specification
General Specifications
Platform: Boxed Processor
Product ..","-55%","₹21,150.00","₹47,500.00"
"https://www.vedantcomputers.com/amd-ryzen-7-5700x-oem-100-000000926?search=ryzen&page=3","https://www.vedantcomputers.com/image/cache/catalog/assets/product/amd/cpu/100-000000926/100-000000926_1-350x350.jpg","","100-000000926","AMD Ryzen 7 5700X OEM Processor (8 Cores, 16 Threads, Max. Boost Clock Up To 4.6GHz, AM4 Socket and 36MB Cache)","100-000000926
Specification
General
Specifications
Name:
AMD Ryzen 7 5700X
Family:
..","-47%","₹17,500.00","₹33,000.00"